<?xml version="1.0" encoding="UTF-8"?>
<openerp>
    <data>
        <record id="view_web_action_request_setting_form" model="ir.ui.view">
            <field name="name">web.action.request.setting.form</field>
            <field name="model">web.action.request.setting</field>
            <field name="arch" type="xml">
                <form string="Notification" version="7.0">
                    <header>
                        <button string="Cancel" type="object" name="cancel" class="oe_link"/>
                    </header>
                    <sheet>
                        <label for="action"/>
                        <field name="action"/>
                        <label for="user"/>
                        <field name="user"/>
                        <button string="Send" type="object" class="oe_highlight"
                                name="button_check_action_request"/>
                    </sheet>
                </form>
            </field>
        </record>
        <record model="ir.actions.act_window" id="act_open_web_action_request_setting_view">
            <field name="name">Action request</field>
            <field name="type">ir.actions.act_window</field>
            <field name="res_model">web.action.request.setting</field>
            <field name="view_type">form</field>
            <field name="view_mode">form</field>
            <field name="target">inline</field>
            <field name="domain">[]</field>
            <field name="context">{}</field>
            <field name="view_id" ref="view_web_action_request_setting_form"/>
        </record>
        <menuitem id="menu_web_action_request_setting"
            parent="base.menu_config"
            sequence="20"
            action="act_open_web_action_request_setting_view"/>
    </data>
</openerp>
